{
    "$schema": "https://schema.management.azure.com/schemas/2019-04-01/deploymentTemplate.json#",
    "contentVersion": "1.0.0.0",
    "parameters": {
        "StorageAccountName": {
            "type": "string",
            "metadata": {
                "description": "Name of Storage Account"
            }
        },
        "StorageAccountType": {
            "type": "string",
            "allowedValues": [
                "Standard_LRS",
                "Standard_GRS",
                "Standard_ZRS"
            ],
            "metadata": {
                "description": "Type of storage to use"
            }
        }
    },
    "variables": {},
    "resources": [
        {
            "name": "[parameters('StorageAccountName')]",
            "type": "Microsoft.Storage/storageAccounts",
            "apiVersion": "2015-06-15",
            "location": "[resourceGroup().location]",
            "tags": {
                "displayName": "[parameters('StorageAccountName')]"
            },
            "properties": {
                "accountType": "[parameters('StorageAccountType')]"
            }
        }
    ],
    "outputs": {
        "storageAccountName": {
            "type": "string",
            "value": "[parameters('StorageAccountName')]"
        }
    },
    "functions": []
}